tau,mean_latency_ms,effective_latency_ms,skip_rate,estimated_accuracy,model
0.3,3.3512812480330467,2.647512185946107,0.7,0.81,Ultra-LSNT(full)
0.5,3.370415084064007,2.864852821454406,0.5,0.83,Ultra-LSNT(full)
0.7,3.35980623960495,3.0574236780405046,0.30000000000000004,0.85,Ultra-LSNT(full)
0.9,3.4024538844823837,3.300380267947912,0.09999999999999998,0.87,Ultra-LSNT(full)
